{"pages": [{"slides": [{"text": "", "labels": [{"xPos": 30.55339049103663, "yPos": 35.45933294324166, "text": "EPIPHYSIS OF THE BONE"}]}, {"text": "HYALINE:\narticular surface covered in a thin layer of cartilage", "labels": [{"xPos": 24.084177708495712, "yPos": 55.939145699239326, "text": "HYALINE"}]}, {"text": "JOINT CAVITY filled with synovial fluid:\nprovides lubrication and nutrition to the cartilage\n\nSYNOVIAL MEMBRANE:\nSleeve of delicate cartilage attached around the periphery of the articular surface - contains SYNOVIAL FLUID", "labels": [{"xPos": 25.954793452844893, "yPos": 49.67817437097718, "text": "JOINT CAVITY"}, {"xPos": 18.23850350740452, "yPos": 34.7571679344646, "text": "SYNOVIAL MEMBRANE"}]}, {"text": "FIBROUS CAPSULE:\nExternally strengthens the synovial membrane", "labels": [{"xPos": 78.87763055339049, "yPos": 5.090696313633704, "text": "PERIOSTEUM OF THE BONE"}, {"xPos": 14.575214341387374, "yPos": 33.58689291983616, "text": "FIBROUS CAPSULE"}]}], "title": "Diagram to show a typical synovial joint"}, {"slides": [{"text": "", "labels": []}, {"text": "", "labels": [{"text": "SUBCHONDRAL BONE", "xPos": 38.38209982788296, "yPos": 35.73059360730594}]}, {"text": "OSTEOCHONDROSIS:\nyoung animal e.g. Great Dane and Newfoundland", "labels": [{"text": "OSTEOCHONDROSIS", "xPos": 54.30292598967298, "yPos": 65.06849315068493}]}, {"text": "Insensitive - no nerve supply and is avascular - disease can progress a long way before there are clinical signs\n\nCARTILAGE-HYALINE: \n-Translucent glossy surface \n-White tinge with blue in young \n-Yellows with age\n-Shock absorbing \n-Smooth surface", "labels": [{"text": "CARTILAGE-HYALINE ", "xPos": 76.50602409638554, "yPos": 67.35159817351598}]}], "title": "High powered diagram of the articular surface"}, {"slides": [{"text": "e.g. TEMPOROMANDIBULAR JOINT (Much bigger in herbivores)", "labels": []}, {"text": "ARTICULAR DISC:\ndivides joint into 2", "labels": [{"text": "ARTICULAR CARTILAGE", "xPos": 38.55670103092784, "yPos": 50.882352941176464}, {"text": "ARTICULAR DISC", "xPos": 45.36082474226804, "yPos": 58.89705882352941}]}, {"text": "", "labels": [{"text": "SYNOVIAL MEMBRANE", "xPos": 20.309278350515463, "yPos": 46.32352941176471}]}, {"text": "", "labels": [{"text": "PERIOSTEUM", "xPos": 31.237113402061855, "yPos": 7.573529411764706}, {"text": "FIBROUS CAPSULE", "xPos": 10.0, "yPos": 48.161764705882355}]}], "title": "Diagram to show articular discs and menisci (meniscus) \n"}, {"slides": [{"text": "Discs and menisci - hyaline and fibrocartilage\nFUNCTION:\n-Provide congruence (eg femur is curved and tabia is not therefore incongruent) for incompatible joint surfaces.\n-Resolve complex movements into simpler components\n-Provide some shock absorption", "labels": [{"text": "FEMUR", "xPos": 30.495790458372312, "yPos": 27.520235467255333}, {"text": "TIBIA", "xPos": 31.99251637043966, "yPos": 73.43635025754232}, {"text": "INTRASCAPULAR", "xPos": 29.373246024321798, "yPos": 96.24724061810154}]}, {"text": "Joint cavity not completely divided", "labels": [{"text": "MENISCUS", "xPos": 32.0, "yPos": 48.5}]}, {"text": "", "labels": [{"text": "SYNOVIAL MEMBRANE", "xPos": 16.37043966323667, "yPos": 38.042678440029434}]}, {"text": "", "labels": [{"text": "PERIOSTEUM", "xPos": 29.373246024321798, "yPos": 6.769683590875644}, {"text": "FIBROUS CAPSULE", "xPos": 8.980355472404115, "yPos": 46.799116997792495}]}], "title": "Discs and menisci\n"}, {"slides": [{"text": "", "labels": []}, {"text": "E.g. proximal interphalangeal joint\n-Movement is flexion and extension\n\nCOLLATERAL LIGAMENTS:\npowerful, strong (medial and lateral) restrict the movement of flexion and extension", "labels": [{"text": "COLLATERAL LIGAMENTS ", "xPos": 17.098445595854923, "yPos": 39.8876404494382}]}], "title": "Hinge Joint"}, {"slides": [{"text": "", "labels": []}, {"text": "E.g. femorotibial joint of the stifle\n\nCOMMON AXIS:\nmovement is unilateral about an axis common to the two condyles", "labels": [{"text": "CONDYLE", "xPos": 16.06714628297362, "yPos": 44.505494505494504}, {"text": "COMMON AXIS", "xPos": 76.33892885691446, "yPos": 53.2967032967033}]}], "title": "Condylar Joint"}, {"slides": [{"text": "E.g. radiocarpal joint\n-Movement in two planes", "labels": []}], "title": "Ellipsoidal Joint"}], "package": "test"}