{"pages": [{"slides": [{"text": "", "labels": [{"xPos": 30.55339049103663, "yPos": 35.45933294324166, "text": "EPIPHYSIS OF THE BONE"}]}, {"text": "HYALINE - articular surface covered in a thin layer of cartilage", "labels": [{"xPos": 24.084177708495712, "yPos": 55.939145699239326, "text": "HYALINE"}]}, {"text": "JOINT CAVITY filled with synovial fluid - provides lubrication and nutrition to the cartilage\n\nSYNOVIAL MEMBRANE - Sleeve of delicate cartilage attached around the periphery of the articular surface - contains SYNOVIAL FLUID", "labels": [{"xPos": 25.954793452844893, "yPos": 49.67817437097718, "text": "JOINT CAVITY"}, {"xPos": 18.23850350740452, "yPos": 34.7571679344646, "text": "SYNOVIAL MEMBRANE"}]}, {"text": "FIBROUS CAPSULE - Externally strengthens the synovial membrane", "labels": [{"xPos": 78.87763055339049, "yPos": 5.090696313633704, "text": "PERIOSTEUM OF THE BONE"}, {"xPos": 14.575214341387374, "yPos": 33.58689291983616, "text": "FIBROUS CAPSULE"}]}], "title": "Diagram to show a typical synovial joint"}], "package": "test"}